id,name,set_number,card_number,ink_color,rarity
1,Ariel - On Human Legs,1,1,Amber,Uncommon
2,Ariel - Spectacular Singer,1,2,Amber,Super Rare
3,Cinderella - Gentle and Kind,1,3,Amber,Uncommon
4,Goofy - Musketeer,1,4,Amber,Uncommon
5,Hades - King of Olympus,1,5,Amber,Rare
6,Hades - Lord of the Underworld,1,6,Amber,Rare
7,HeiHei - Boat Snack,1,7,Amber,Common
8,LeFou - Bumbler,1,8,Amber,Uncommon
9,Lilo - Making a Wish,1,9,Amber,Rare
10,Maximus - Palace Horse,1,10,Amber,Super Rare
11,Maximus - Relentless Pursuer,1,11,Amber,Uncommon
12,Mickey Mouse - True Friend,1,12,Amber,Uncommon
13,Minnie Mouse - Beloved Princess,1,13,Amber,Common
14,Moana - Of Motunui,1,14,Amber,Rare
15,Mr. Smee - Loyal First Mate,1,15,Amber,Common
16,Prince Phillip - Dragonslayer,1,16,Amber,Uncommon
17,Pumbaa - Friendly Warthog,1,17,Amber,Common
18,Rapunzel - Gifted with Healing,1,18,Amber,Legendary
19,Sebastian - Court Composer,1,19,Amber,Common
20,Simba - Protective Cub,1,20,Amber,Common
21,Stitch - Carefree Surfer,1,21,Amber,Legendary
22,Stitch - New Dog,1,22,Amber,Common
23,Stitch - Rock Star,1,23,Amber,Super Rare
24,Timon - Grub Rustler,1,24,Amber,Common
25,Be Our Guest,1,25,Amber,Uncommon
26,Control Your Temper!,1,26,Amber,Common
27,Hakuna Matata,1,27,Amber,Common
28,Healing Glow,1,28,Amber,Common
29,Just in Time,1,29,Amber,Rare
30,Part of Your World,1,30,Amber,Rare
31,You Have Forgotten Me,1,31,Amber,Uncommon
32,Dinglehopper,1,32,Amber,Common
33,Lantern,1,33,Amber,Rare
34,Ursula's Shell Necklace,1,34,Amber,Rare
35,Anna - Heir to Arendelle,1,35,Amethyst,Uncommon
36,Archimedes - Highly Educated Owl,1,36,Amethyst,Common
37,Dr. Facilier - Agent Provocateur,1,37,Amethyst,Rare
38,Dr. Facilier - Charlatan,1,38,Amethyst,Common
39,Dr. Facilier - Remarkable Gentleman,1,39,Amethyst,Rare
40,Elsa - Queen Regent,1,40,Amethyst,Common
41,Elsa - Snow Queen,1,41,Amethyst,Uncommon
42,Elsa - Spirit of Winter,1,42,Amethyst,Legendary
43,Flotsam - Ursula's Spy,1,43,Amethyst,Rare
44,Jafar - Keeper of Secrets,1,44,Amethyst,Rare
45,Jafar - Wicked Sorcerer,1,45,Amethyst,Common
46,Jetsam - Ursula's Spy,1,46,Amethyst,Common
47,Magic Broom - Bucket Brigade,1,47,Amethyst,Common
48,Maleficent - Biding Her Time,1,48,Amethyst,Rare
49,Maleficent - Sorceress,1,49,Amethyst,Common
50,Marshmallow - Persistent Guardian,1,50,Amethyst,Super Rare
51,Mickey Mouse - Wayward Sorcerer,1,51,Amethyst,Super Rare
52,Olaf - Friendly Snowman,1,52,Amethyst,Uncommon
53,Pascal - Rapunzel's Companion,1,53,Amethyst,Uncommon
54,Rafiki - Mysterious Sage,1,54,Amethyst,Uncommon
55,Sven - Official Ice Deliverer,1,55,Amethyst,Uncommon
56,The Queen - Wicked and Vain,1,56,Amethyst,Super Rare
57,The Wardrobe - Belle's Confidant,1,57,Amethyst,Common
58,Tinker Bell - Peter Pan's Ally,1,58,Amethyst,Common
59,Ursula - Power Hungry,1,59,Amethyst,Legendary
60,Yzma - Alchemist,1,60,Amethyst,Common
61,Zeus - God of Lightning,1,61,Amethyst,Rare
62,Befuddle,1,62,Amethyst,Uncommon
63,Freeze,1,63,Amethyst,Common
64,Friends on the Other Side,1,64,Amethyst,Common
65,Reflection,1,65,Amethyst,Uncommon
66,Magic Mirror,1,66,Amethyst,Rare
67,Ursula's Cauldron,1,67,Amethyst,Uncommon
68,White Rabbit's Pocket Watch,1,68,Amethyst,Rare
69,Aladdin - Prince Ali,1,69,Emerald,Common
70,Beast - Wolfsbane,1,70,Emerald,Legendary
71,Cheshire Cat - Not All There,1,71,Emerald,Uncommon
72,Cruella De Vil - Miserable as Usual,1,72,Emerald,Rare
73,Duke of Weselton - Opportunistic Official,1,73,Emerald,Common
74,Flynn Rider - Charming Rogue,1,74,Emerald,Uncommon
75,Genie - On the Job,1,75,Emerald,Super Rare
76,Genie - Powers Unleashed,1,76,Emerald,Rare
77,Genie - The Ever Impressive,1,77,Emerald,Common
78,Hans - Scheming Prince,1,78,Emerald,Rare
79,Horace - No-Good Scoundrel,1,79,Emerald,Common
80,Iago - Loud-Mouthed Parrot,1,80,Emerald,Rare
81,Jasper - Common Crook,1,81,Emerald,Uncommon
82,John Silver - Alien Pirate,1,82,Emerald,Legendary
83,Jumba Jookiba - Renegade Scientist,1,83,Emerald,Uncommon
84,Kuzco - Temperamental Emperor,1,84,Emerald,Rare
85,Lady Tremaine - Wicked Stepmother,1,85,Emerald,Rare
86,Mad Hatter - Gracious Host,1,86,Emerald,Uncommon
87,Megara - Pulling the Strings,1,87,Emerald,Common
88,Mickey Mouse - Artful Rogue,1,88,Emerald,Super Rare
89,Mickey Mouse - Steamboat Pilot,1,89,Emerald,Common
90,Mother Gothel - Selfish Manipulator,1,90,Emerald,Super Rare
91,Peter Pan - Never Landing,1,91,Emerald,Common
92,Tamatoa - Drab Little Crab,1,92,Emerald,Uncommon
93,Tinker Bell - Most Helpful,1,93,Emerald,Common
94,Do It Again!,1,94,Emerald,Rare
95,Mother Knows Best,1,95,Emerald,Uncommon
96,Stampede,1,96,Emerald,Common
97,Steal from the Rich,1,97,Emerald,Rare
98,Sudden Chill,1,98,Emerald,Common
99,The Beast is Mine!,1,99,Emerald,Uncommon
100,Vicious Betrayal,1,100,Emerald,Common
101,Dr. Facilier's Cards,1,101,Emerald,Uncommon
102,Stolen Scimitar,1,102,Emerald,Common
103,Abu - Mischievous Monkey,1,103,Ruby,Common
104,Aladdin - Heroic Outlaw,1,104,Ruby,Super Rare
105,Aladdin - Street Rat,1,105,Ruby,Common
106,Captain - Colonel's Lieutenant,1,106,Ruby,Uncommon
107,Captain Hook - Ruthless Pirate,1,107,Ruby,Rare
108,Donald Duck - Boisterous Fowl,1,108,Ruby,Uncommon
109,Elsa - Ice Surfer,1,109,Ruby,Common
110,Gaston - Arrogant Hunter,1,110,Ruby,Common
111,Goofy - Daredevil,1,111,Ruby,Common
112,LeFou - Instigator,1,112,Ruby,Rare
113,Maleficent - Monstrous Dragon,1,113,Ruby,Legendary
114,Maui - Hero to All,1,114,Ruby,Rare
115,Mickey Mouse - Brave Little Tailor,1,115,Ruby,Legendary
116,Minnie Mouse - Always Classy,1,116,Ruby,Common
117,Moana - Chosen by the Ocean,1,117,Ruby,Uncommon
118,Mulan - Imperial Soldier,1,118,Ruby,Super Rare
119,Peter Pan - Fearless Fighter,1,119,Ruby,Common
120,Pongo - Ol' Rascal,1,120,Ruby,Common
121,Rapunzel - Letting Down Her Hair,1,121,Ruby,Uncommon
122,Scar - Fiery Usurper,1,122,Ruby,Common
123,Scar - Shameless Firebrand,1,123,Ruby,Rare
124,Sergeant Tibbs - Courageous Cat,1,124,Ruby,Common
125,Stitch - Abomination,1,125,Ruby,Rare
126,Te KÄ - The Burning One,1,126,Ruby,Super Rare
127,Tigger - Wonderful Thing,1,127,Ruby,Uncommon
128,Be Prepared,1,128,Ruby,Rare
129,Cut to the Chase,1,129,Ruby,Uncommon
130,Dragon Fire,1,130,Ruby,Uncommon
131,Fan the Flames,1,131,Ruby,Uncommon
132,He's Got a Sword!,1,132,Ruby,Common
133,Tangle,1,133,Ruby,Common
134,Poisoned Apple,1,134,Ruby,Rare
135,Shield of Virtue,1,135,Ruby,Uncommon
136,Sword of Truth,1,136,Ruby,Rare
137,Ariel - Whoseit Collector,1,137,Sapphire,Rare
138,Aurora - Briar Rose,1,138,Sapphire,Common
139,Aurora - Dreaming Guardian,1,139,Sapphire,Super Rare
140,Aurora - Regal Princess,1,140,Sapphire,Uncommon
141,Belle - Inventive Engineer,1,141,Sapphire,Uncommon
142,Belle - Strange but Special,1,142,Sapphire,Legendary
143,Chief Tui - Respected Leader,1,143,Sapphire,Uncommon
144,Donald Duck - Strutting His Stuff,1,144,Sapphire,Common
145,Flounder - Voice of Reason,1,145,Sapphire,Common
146,Gramma Tala - Storyteller,1,146,Sapphire,Uncommon
147,Hades - Infernal Schemer,1,147,Sapphire,Legendary
148,Jasmine - Disguised,1,148,Sapphire,Common
149,Jasmine - Queen of Agrabah,1,149,Sapphire,Rare
150,Maleficent - Sinister Visitor,1,150,Sapphire,Common
151,Maleficent - Uninvited,1,151,Sapphire,Rare
152,Maurice - World-Famous Inventor,1,152,Sapphire,Rare
153,Merlin - Self-Appointed Mentor,1,153,Sapphire,Common
154,Mickey Mouse - Detective,1,154,Sapphire,Common
155,Mufasa - King of the Pride Lands,1,155,Sapphire,Common
156,Philoctetes - Trainer of Heroes,1,156,Sapphire,Common
157,Robin Hood - Unrivaled Archer,1,157,Sapphire,Super Rare
158,Scar - Mastermind,1,158,Sapphire,Rare
159,Tamatoa - So Shiny!,1,159,Sapphire,Super Rare
160,Triton - The Sea King,1,160,Sapphire,Uncommon
161,Develop Your Brain,1,161,Sapphire,Common
162,If it's Not Baroque,1,162,Sapphire,Rare
163,Let it Go,1,163,Sapphire,Rare
164,One Jump Ahead,1,164,Sapphire,Uncommon
165,Work Together,1,165,Sapphire,Common
166,Coconut Basket,1,166,Sapphire,Uncommon
167,Eye of the Fates,1,167,Sapphire,Uncommon
168,Fishbone Quill,1,168,Sapphire,Rare
169,Magic Golden Flower,1,169,Sapphire,Common
170,Scepter of Arendelle,1,170,Sapphire,Uncommon
171,Aladdin - Cornered Swordsman,1,171,Steel,Common
172,Beast - Hardheaded,1,172,Steel,Uncommon
173,Captain Hook - Captain of the Jolly Roger,1,173,Steel,Rare
174,Captain Hook - Forceful Duelist,1,174,Steel,Common
175,Captain Hook - Thinking a Happy Thought,1,175,Steel,Rare
176,Cerberus - Three-Headed Dog,1,176,Steel,Common
177,Donald Duck - Musketeer,1,177,Steel,Uncommon
178,Gantu - Galactic Federation Captain,1,178,Steel,Legendary
179,Goons - Maleficent's Underlings,1,179,Steel,Common
180,Hans - Thirteenth in Line,1,180,Steel,Super Rare
181,Hercules - True Hero,1,181,Steel,Common
182,Kristoff - Official Ice Master,1,182,Steel,Common
183,Kronk - Right-Hand Man,1,183,Steel,Uncommon
184,Lilo - Galactic Hero,1,184,Steel,Uncommon
185,Maui - Demigod,1,185,Steel,Rare
186,Mickey Mouse - Musketeer,1,186,Steel,Rare
187,Prince Eric - Dashing and Brave,1,187,Steel,Common
188,Simba - Future King,1,188,Steel,Common
189,Simba - Returned King,1,189,Steel,Rare
190,Simba - Rightful Heir,1,190,Steel,Uncommon
191,Starkey - Hook's Henchman,1,191,Steel,Uncommon
192,Te KÄ - Heartless,1,192,Steel,Legendary
193,Tinker Bell - Giant Fairy,1,193,Steel,Super Rare
194,Tinker Bell - Tiny Tactician,1,194,Steel,Common
195,A Whole New World,1,195,Steel,Super Rare
196,Break,1,196,Steel,Common
197,Fire the Cannons!,1,197,Steel,Common
198,Grab Your Sword,1,198,Steel,Rare
199,Ransack,1,199,Steel,Uncommon
200,Smash,1,200,Steel,Uncommon
201,Beast's Mirror,1,201,Steel,Common
202,Frying Pan,1,202,Steel,Uncommon
203,Musketeer Tabard,1,203,Steel,Rare
204,Plasma Blaster,1,204,Steel,Rare
205,Hades - King of Olympus,1,205,Amber,Enchanted
206,Stitch - Carefree Surfer,1,206,Amber,Enchanted
207,Elsa - Spirit of Winter,1,207,Amethyst,Enchanted
208,Mickey Mouse - Wayward Sorcerer,1,208,Amethyst,Enchanted
209,Genie - On the Job,1,209,Emerald,Enchanted
210,Mickey Mouse - Artful Rogue,1,210,Emerald,Enchanted
211,Aladdin - Heroic Outlaw,1,211,Ruby,Enchanted
212,Maui - Hero to All,1,212,Ruby,Enchanted
213,Aurora - Dreaming Guardian,1,213,Sapphire,Enchanted
214,Belle - Strange but Special,1,214,Sapphire,Enchanted
215,Simba - Returned King,1,215,Steel,Enchanted
216,Tinker Bell - Giant Fairy,1,216,Steel,Enchanted
217,Bashful - Hopeless Romantic,2,1,Amber,Uncommon
218,Christopher Robin - Adventurer,2,2,Amber,Rare
219,Cinderella - Ballroom Sensation,2,3,Amber,Rare
220,Cobra Bubbles - Just a Social Worker,2,4,Amber,Rare
221,Doc - Leader of the Seven Dwarfs,2,5,Amber,Uncommon
222,Dopey - Always Playful,2,6,Amber,Uncommon
223,Eudora - Accomplished Seamstress,2,7,Amber,Common
224,Gaston - Baritone Bully,2,8,Amber,Uncommon
225,Grand Duke - Advisor to the King,2,9,Amber,Rare
226,Grumpy - Bad-Tempered,2,10,Amber,Common
227,Happy - Good-Natured,2,11,Amber,Common
228,King Louie - Jungle VIP,2,12,Amber,Super Rare
229,Mickey Mouse - Friendly Face,2,13,Amber,Super Rare
230,Mufasa - Betrayed Leader,2,14,Amber,Legendary
231,Mulan - Free Spirit,2,15,Amber,Common
232,Mulan - Reflecting,2,16,Amber,Rare
233,Nana - Darling Family Pet,2,17,Amber,Uncommon
234,Piglet - Very Small Animal,2,18,Amber,Common
235,Rapunzel - Gifted Artist,2,19,Amber,Uncommon
236,Rapunzel - Sunshine,2,20,Amber,Common
237,Sleepy - Nodding Off,2,21,Amber,Common
238,Sneezy - Very Allergic,2,22,Amber,Common
239,Snow White - Lost in the Forest,2,23,Amber,Common
240,Snow White - Unexpected Houseguest,2,24,Amber,Uncommon
241,Snow White - Well Wisher,2,25,Amber,Legendary
242,The Queen - Commanding Presence,2,26,Amber,Super Rare
243,The Queen - Regal Monarch,2,27,Amber,Common
244,Hold Still,2,28,Amber,Common
245,Last Stand,2,29,Amber,Uncommon
246,Painting the Roses Red,2,30,Amber,Common
247,World's Greatest Criminal Mind,2,31,Amber,Rare
248,Zero to Hero,2,32,Amber,Uncommon
249,Dragon Gem,2,33,Amber,Rare
250,Sleepy's Flute,2,34,Amber,Rare
251,Arthur - Wizard's Apprentice,2,35,Amethyst,Super Rare
252,Blue Fairy - Rewarding Good Deeds,2,36,Amethyst,Uncommon
253,Chip the Teacup - Gentle Soul,2,37,Amethyst,Common
254,Dr. Facilier - Savvy Opportunist,2,38,Amethyst,Common
255,Elsa - Gloves Off,2,39,Amethyst,Common
256,Fairy Godmother - Here to Help,2,40,Amethyst,Uncommon
257,Fairy Godmother - Mystic Armorer,2,41,Amethyst,Legendary
258,Fairy Godmother - Pure Heart,2,42,Amethyst,Common
259,HeiHei - Persistent Presence,2,43,Amethyst,Uncommon
260,Jiminy Cricket - Pinocchio's Conscience,2,44,Amethyst,Common
261,Kuzco - Wanted Llama,2,45,Amethyst,Common
262,Madam Mim - Fox,2,46,Amethyst,Rare
263,Madam Mim - Purple Dragon,2,47,Amethyst,Legendary
264,Madam Mim - Rival of Merlin,2,48,Amethyst,Rare
265,Madam Mim - Snake,2,49,Amethyst,Uncommon
266,Merlin - Crab,2,50,Amethyst,Common
267,Merlin - Goat,2,51,Amethyst,Uncommon
268,Merlin - Rabbit,2,52,Amethyst,Rare
269,Merlin - Shapeshifter,2,53,Amethyst,Rare
270,Merlin - Squirrel,2,54,Amethyst,Common
271,Peter Pan's Shadow - Not Sewn On,2,55,Amethyst,Super Rare
272,Pinocchio - Star Attraction,2,56,Amethyst,Rare
273,Pinocchio - On the Run,2,57,Amethyst,Uncommon
274,Pinocchio - Talkative Puppet,2,58,Amethyst,Uncommon
275,Winnie the Pooh - Hunny Wizard,2,59,Amethyst,Common
276,Yzma - Scary Beyond All Reason,2,60,Amethyst,Super Rare
277,Yzma - Without Beauty Sleep,2,61,Amethyst,Uncommon
278,Gruesome and Grim,2,62,Amethyst,Rare
279,I'm Stuck!,2,63,Amethyst,Common
280,Legend of the Sword in the Stone,2,64,Amethyst,Common
281,Binding Contract,2,65,Amethyst,Uncommon
282,Croquet Mallet,2,66,Amethyst,Common
283,Perplexing Signposts,2,67,Amethyst,Rare
284,The Sorcerer's Spellbook,2,68,Amethyst,Rare
285,Arthur - Trained Swordsman,2,69,Emerald,Common
286,Beast - Relentless,2,70,Emerald,Legendary
287,Belle - Bookworm,2,71,Emerald,Uncommon
288,Belle - Hidden Archer,2,72,Emerald,Legendary
289,Bucky - Squirrel Squeak Tutor,2,73,Emerald,Uncommon
290,Cheshire Cat - Always Grinning,2,74,Emerald,Uncommon
291,Cheshire Cat - From the Shadows,2,75,Emerald,Super Rare
292,Daisy Duck - Secret Agent,2,76,Emerald,Uncommon
293,Donald Duck - Perfect Gentleman,2,77,Emerald,Uncommon
294,Donald Duck - Sleepwalker,2,78,Emerald,Common
295,Dr. Facilier - Fortune Teller,2,79,Emerald,Super Rare
296,Enchantress - Unexpected Judge,2,80,Emerald,Common
297,Flynn Rider - Confident Vagabond,2,81,Emerald,Common
298,Flynn Rider - His Own Biggest Fan,2,82,Emerald,Rare
299,Gaston - Scheming Suitor,2,83,Emerald,Common
300,Little John - Loyal Friend,2,84,Emerald,Rare
301,Lucifer - Cunning Cat,2,85,Emerald,Rare
302,Pain - Underworld Imp,2,86,Emerald,Uncommon
303,Panic - Underworld Imp,2,87,Emerald,Common
304,Pete - Bad Guy,2,88,Emerald,Rare
305,Prince John - Greediest of All,2,89,Emerald,Rare
306,Queen of Hearts - Quick-Tempered,2,90,Emerald,Common
307,Ratigan - Criminal Mastermind,2,91,Emerald,Common
308,Ray - Easygoing Firefly,2,92,Emerald,Common
309,The Queen - Disguised Peddler,2,93,Emerald,Super Rare
310,Tiana - True Princess,2,94,Emerald,Uncommon
311,Virana - Fang Chief,2,95,Emerald,Common
312,Bibbidi Bobbidi Boo,2,96,Emerald,Rare
313,Bounce,2,97,Emerald,Uncommon
314,Hypnotize,2,98,Emerald,Common
315,Improvise,2,99,Emerald,Common
316,Pack Tactics,2,100,Emerald,Rare
317,Ring the Bell,2,101,Emerald,Uncommon
318,Ratigan's Marvelous Trap,2,102,Emerald,Rare
319,Baloo - Fun-Loving Bear,2,103,Ruby,Common
320,Boun - Precocious Entrepreneur,2,104,Ruby,Common
321,Card Soldiers - Full Deck,2,105,Ruby,Uncommon
322,Donald Duck - Not Again!,2,106,Ruby,Legendary
323,Felicia - Always Hungry,2,107,Ruby,Common
324,Fidget - Ratigan's Henchman,2,108,Ruby,Common
325,Honest John - Not That Honest,2,109,Ruby,Rare
326,Lady Tremaine - Imperious Queen,2,110,Ruby,Super Rare
327,Lady Tremaine - Overbearing Matriarch,2,111,Ruby,Common
328,Lumiere - Hotheaded Candelabra,2,112,Ruby,Rare
329,Minnie Mouse - Stylish Surfer,2,113,Ruby,Uncommon
330,Minnie Mouse - Wide-Eyed Diver,2,114,Ruby,Rare
331,Minnie Mouse - Zipping Around,2,115,Ruby,Common
332,Mother Gothel - Withered and Wicked,2,116,Ruby,Uncommon
333,Mulan - Soldier in Training,2,117,Ruby,Common
334,Namaari - Nemesis,2,118,Ruby,Super Rare
335,Queen of Hearts - Impulsive Ruler,2,119,Ruby,Uncommon
336,Queen of Hearts - Sensing Weakness,2,120,Ruby,Uncommon
337,Ratigan - Very Large Mouse,2,121,Ruby,Rare
338,Raya - Headstrong,2,122,Ruby,Common
339,Raya - Leader of Heart,2,123,Ruby,Super Rare
340,Raya - Warrior of Kumandra,2,124,Ruby,Uncommon
341,Scar - Vicious Cheater,2,125,Ruby,Legendary
342,Shere Khan - Menacing Predator,2,126,Ruby,Rare
343,Tigger - One of a Kind,2,127,Ruby,Common
344,Tuk Tuk - Wrecking Ball,2,128,Ruby,Rare
345,Go the Distance,2,129,Ruby,Common
346,Teeth and Ambitions,2,130,Ruby,Rare
347,The Most Diabolical Scheme,2,131,Ruby,Uncommon
348,What Did You Call Me?,2,132,Ruby,Common
349,You Can Fly!,2,133,Ruby,Uncommon
350,Dinner Bell,2,134,Ruby,Rare
351,Peter Pan's Dagger,2,135,Ruby,Common
352,Sword in the Stone,2,136,Ruby,Uncommon
353,Alice - Growing Girl,2,137,Sapphire,Legendary
354,Basil - Great Mouse Detective,2,138,Sapphire,Super Rare
355,Basil - Of Baker Street,2,139,Sapphire,Common
356,Basil - Perceptive Investigator,2,140,Sapphire,Common
357,Caterpillar - Calm and Collected,2,141,Sapphire,Uncommon
358,Cogsworth - Grandfather Clock,2,142,Sapphire,Super Rare
359,Cogsworth - Talking Clock,2,143,Sapphire,Uncommon
360,Cruella De Vil - Fashionable Cruiser,2,144,Sapphire,Common
361,Cruella De Vil - Perfectly Wretched,2,145,Sapphire,Uncommon
362,Duke Weaselton - Small-Time Crook,2,146,Sapphire,Common
363,Gaston - Intellectual Powerhouse,2,147,Sapphire,Rare
364,Grand Pabbie - Oldest and Wisest,2,148,Sapphire,Super Rare
365,Hiram Flaversham - Toymaker,2,149,Sapphire,Rare
366,James - Role Model,2,150,Sapphire,Common
367,Jasmine - Heir of Agrabah,2,151,Sapphire,Common
368,Judy Hopps - Optimistic Officer,2,152,Sapphire,Uncommon
369,Mrs. Judson - Housekeeper,2,153,Sapphire,Rare
370,Nick Wilde - Wily Fox,2,154,Sapphire,Uncommon
371,Noi - Orphaned Thief,2,155,Sapphire,Rare
372,Owl - Logical Lecturer,2,156,Sapphire,Common
373,Prince Charming - Heir to the Throne,2,157,Sapphire,Rare
374,Rabbit - Reluctant Host,2,158,Sapphire,Common
375,Sisu - Divine Water Dragon,2,159,Sapphire,Legendary
376,The Nokk - Water Spirit,2,160,Sapphire,Common
377,Winnie the Pooh - Having a Think,2,161,Sapphire,Rare
378,Falling Down the Rabbit Hole,2,162,Sapphire,Rare
379,Four Dozen Eggs,2,163,Sapphire,Uncommon
380,Launch,2,164,Sapphire,Uncommon
381,Nothing to Hide,2,165,Sapphire,Common
382,Fang Crossbow,2,166,Sapphire,Uncommon
383,Gumbo Pot,2,167,Sapphire,Common
384,Maurice's Workshop,2,168,Sapphire,Rare
385,Pawpsicle,2,169,Sapphire,Common
386,Sardine Can,2,170,Sapphire,Uncommon
387,Beast - Forbidding Recluse,2,171,Steel,Common
388,Beast - Selfless Protector,2,172,Steel,Super Rare
389,Beast - Tragic Hero,2,173,Steel,Legendary
390,Benja - Guardian of the Dragon Gem,2,174,Steel,Common
391,Chief Bogo - Respected Officer,2,175,Steel,Rare
392,Cinderella - Knight in Training,2,176,Steel,Common
393,Cinderella - Stouthearted,2,177,Steel,Super Rare
394,Donald Duck - Deep-Sea Diver,2,178,Steel,Common
395,Eli La Bouff - Big Daddy,2,179,Steel,Uncommon
396,Goofy - Knight for a Day,2,180,Steel,Rare
397,Hercules - Divine Hero,2,181,Steel,Rare
398,Hercules - Hero in Training,2,182,Steel,Common
399,Jafar - Dreadnought,2,183,Steel,Uncommon
400,Jafar - Royal Vizier,2,184,Steel,Common
401,Kronk - Junior Chipmunk,2,185,Steel,Rare
402,Lawrence - Jealous Manservant,2,186,Steel,Uncommon
403,Li Shang - Archery Instructor,2,187,Steel,Uncommon
404,Magic Broom - Industrial Model,2,188,Steel,Common
405,Namaari - Morning Mist,2,189,Steel,Legendary
406,Pacha - Village Leader,2,190,Steel,Uncommon
407,Prince Naveen - Penniless Royal,2,191,Steel,Common
408,Queen of Hearts - Capricious Monarch,2,192,Steel,Rare
409,Robin Hood - Capable Fighter,2,193,Steel,Uncommon
410,The Huntsman - Reluctant Enforcer,2,194,Steel,Rare
411,The Prince - Never Gives Up,2,195,Steel,Uncommon
412,Tiana - Celebrating Princess,2,196,Steel,Super Rare
413,Tiana - Diligent Waitress,2,197,Steel,Common
414,Charge!,2,198,Steel,Common
415,Let the Storm Rage On,2,199,Steel,Common
416,Pick a Fight,2,200,Steel,Uncommon
417,Strength of a Raging Fire,2,201,Steel,Rare
418,Last Cannon,2,202,Steel,Common
419,Mouse Armor,2,203,Steel,Uncommon
420,Weight Set,2,204,Steel,Rare
421,Cinderella - Ballroom Sensation,2,205,Amber,Enchanted
422,Snow White - Well Wisher,2,206,Amber,Enchanted
423,Arthur - Wizard's Apprentice,2,207,Amethyst,Enchanted
424,Madam Mim - Purple Dragon,2,208,Amethyst,Enchanted
425,Pete - Bad Guy,2,209,Emerald,Enchanted
426,Beast - Relentless,2,210,Emerald,Enchanted
427,Lady Tremaine - Imperious Queen,2,211,Ruby,Enchanted
428,Shere Khan - Menacing Predator,2,212,Ruby,Enchanted
429,Alice - Growing Girl,2,213,Sapphire,Enchanted
430,Sisu - Divine Water Dragon,2,214,Sapphire,Enchanted
431,Hercules - Divine Hero,2,215,Steel,Enchanted
432,Namaari - Morning Mist,2,216,Steel,Enchanted
433,Baloo - von Bruinwald XIII,3,1,Amber,Rare
434,Bernard - Brand-New Agent,3,2,Amber,Rare
435,Chernabog - Evildoer,3,3,Amber,Super Rare
436,Dalmatian Puppy - Tail Wagger,3,4a,Amber,Common
437,Dalmatian Puppy - Tail Wagger,3,4b,Amber,Common
438,Dalmatian Puppy - Tail Wagger,3,4c,Amber,Common
439,Dalmatian Puppy - Tail Wagger,3,4d,Amber,Common
440,Dalmatian Puppy - Tail Wagger,3,4e,Amber,Common
441,Joshua Sweet - The Doctor,3,5,Amber,Common
442,Kida - Atlantean,3,6,Amber,Common
443,Kida - Protector of Atlantis,3,7,Amber,Legendary
444,Lucky - The 15th Puppy,3,8,Amber,Rare
445,Minnie Mouse - Musical Artist,3,9,Amber,Rare
446,Miss Bianca - Rescue Aid Society Agent,3,10,Amber,Common
447,Mr. Snoops - Inept Businessman,3,11,Amber,Common
448,Nani - Protective Sister,3,12,Amber,Uncommon
449,Orville - Ace Pilot,3,13,Amber,Common
450,Patch - Intimidating Pup,3,14,Amber,Common
451,Perdita - Devoted Mother,3,15,Amber,Legendary
452,Piglet - Pooh Pirate Captain,3,16,Amber,Super Rare
453,Pluto - Determined Defender,3,17,Amber,Rare
454,Pluto - Friendly Pooch,3,18,Amber,Uncommon
455,Pongo - Determined Father,3,19,Amber,Super Rare
456,Queen of Hearts - Wonderland Empress,3,20,Amber,Uncommon
457,Rolly - Hungry Pup,3,21,Amber,Uncommon
458,Tinker Bell - Generous Fairy,3,22,Amber,Uncommon
459,Wendy Darling - Talented Sailor,3,23,Amber,Uncommon
460,99 Puppies,3,24,Amber,Uncommon
461,Boss's Orders,3,25,Amber,Common
462,Heal What Has Been Hurt,3,26,Amber,Common
463,Quick Patch,3,27,Amber,Common
464,The Bare Necessities,3,28,Amber,Rare
465,Cleansing Rainwater,3,29,Amber,Common
466,Heart of Atlantis,3,30,Amber,Rare
467,Wildcat's Wrench,3,31,Amber,Uncommon
468,Never Land - Mermaid Lagoon,3,32,Amber,Common
469,Pride Lands - Pride Rock,3,33,Amber,Rare
470,Tiana's Palace - Jazz Restaurant,3,34,Amber,Uncommon
471,Alice - Tea Alchemist,3,35,Amethyst,Super Rare
472,Chernabog's Followers - Creatures of Evil,3,36,Amethyst,Uncommon
473,Diablo - Faithful Pet,3,37,Amethyst,Common
474,Genie - Supportive Friend,3,38,Amethyst,Super Rare
475,Hydros - Ice Titan,3,39,Amethyst,Uncommon
476,Iago - Pretty Polly,3,40,Amethyst,Common
477,Jafar - Lamp Thief,3,41,Amethyst,Uncommon
478,Jafar - Striking Illusionist,3,42,Amethyst,Legendary
479,Lena Sabrewing - Rebellious Teenager,3,43,Amethyst,Common
480,Magic Broom - Dancing Duster,3,44,Amethyst,Uncommon
481,Magic Broom - Swift Cleaner,3,45,Amethyst,Common
482,Magic Broom - The Big Sweeper,3,46,Amethyst,Common
483,Magic Carpet - Flying Rug,3,47,Amethyst,Common
484,Magica De Spell - Ambitious Witch,3,48,Amethyst,Common
485,Magica De Spell - The Midas Touch,3,49,Amethyst,Super Rare
486,Magica De Spell - Thieving Sorceress,3,50,Amethyst,Uncommon
487,Maleficent - Mistress of All Evil,3,51,Amethyst,Legendary
488,Mama Odie - Voice of Wisdom,3,52,Amethyst,Uncommon
489,Pua - Potbellied Buddy,3,53,Amethyst,Common
490,Rafiki - Mystical Fighter,3,54,Amethyst,Rare
491,Stratos - Tornado Titan,3,55,Amethyst,Rare
492,The Firebird - Force of Destruction,3,56,Amethyst,Common
493,The Queen - Hateful Rival,3,57,Amethyst,Common
494,Treasure Guardian - Protector of the Cave,3,58,Amethyst,Rare
495,Ursula - Sea Witch,3,59,Amethyst,Rare
496,Bestow a Gift,3,60,Amethyst,Common
497,It Calls Me,3,61,Amethyst,Uncommon
498,Last-Ditch Effort,3,62,Amethyst,Uncommon
499,The Boss Is On A Roll,3,63,Amethyst,Rare
500,The Lamp,3,64,Amethyst,Rare
501,The Sorcerer's Hat,3,65,Amethyst,Rare
502,Forbidden Mountain - Maleficent's Castle,3,66,Amethyst,Common
503,The Queen's Castle - Mirror Chamber,3,67,Amethyst,Rare
504,The Sorcerer's Tower - Wondrous Workspace,3,68,Amethyst,Uncommon
505,Cubby - Mighty Lost Boy,3,69,Emerald,Common
506,Cursed Merfolk - Ursula's Handiwork,3,70,Emerald,Rare
507,Don Karnage - Prince of Pirates,3,71,Emerald,Common
508,Flotsam - Riffraff,3,72,Emerald,Common
509,Friar Tuck - Priest Of Nottingham,3,73,Emerald,Uncommon
510,Helga Sinclair - Femme Fatale,3,74,Emerald,Super Rare
511,Helga Sinclair - Vengeful Partner,3,75,Emerald,Rare
512,Jetsam - Riffraff,3,76,Emerald,Common
513,Kit Cloudkicker - Tough Guy,3,77,Emerald,Uncommon
514,Lyle Tiberius Rourke - Cunning Mercenary,3,78,Emerald,Super Rare
515,Milo Thatch - Clever Cartographer,3,79,Emerald,Common
516,Milo Thatch - King of Atlantis,3,80,Emerald,Legendary
517,Morph - Space Goo,3,81,Emerald,Rare
518,Peter Pan - Lost Boy Leader,3,82,Emerald,Rare
519,Prince John - Phony King,3,83,Emerald,Uncommon
520,Robin Hood - Daydreamer,3,84,Emerald,Rare
521,Shenzi - Hyena Pack Leader,3,85,Emerald,Super Rare
522,Sir Hiss - Aggravating Asp,3,86,Emerald,Common
523,Skippy - Energetic Rabbit,3,87,Emerald,Common
524,Starkey - Devious Pirate,3,88,Emerald,Uncommon
525,Stitch - Covert Agent,3,89,Emerald,Rare
526,Ursula - Deceiver,3,90,Emerald,Uncommon
527,Ursula - Deceiver of All,3,91,Emerald,Legendary
528,Wildcat - Mechanic,3,92,Emerald,Uncommon
529,Zazu - Steward of the Pride Lands,3,93,Emerald,Common
530,Has Set My Heaaaaaaart . . .,3,94,Emerald,Uncommon
531,I Will Find My Way,3,95,Emerald,Common
532,Strike A Good Match,3,96,Emerald,Common
533,Airfoil,3,97,Emerald,Common
534,Robin's Bow,3,98,Emerald,Uncommon
535,Starlight Vial,3,99,Emerald,Rare
536,De Vil Manor - Cruella's Estate,3,100,Emerald,Common
537,Fang - River City,3,101,Emerald,Rare
538,Kuzco's Palace - Home of the Emperor,3,102,Emerald,Uncommon
539,Ariel - Adventurous Collector,3,103,Ruby,Super Rare
540,Billy Bones - Keeper of the Map,3,104,Ruby,Common
541,Captain Hook - Master Swordsman,3,105,Ruby,Rare
542,Della Duck - Unstoppable Mom,3,106,Ruby,Common
543,HeiHei - Accidental Explorer,3,107,Ruby,Uncommon
544,Hydra - Deadly Serpent,3,108,Ruby,Legendary
545,Jim Hawkins - Space Traveler,3,109,Ruby,Legendary
546,Jim Hawkins - Thrill Seeker,3,110,Ruby,Common
547,Kakamora - Menacing Sailor,3,111,Ruby,Common
548,Madame Medusa - The Boss,3,112,Ruby,Super Rare
549,Maui - Soaring Demigod,3,113,Ruby,Uncommon
550,Maui - Whale,3,114,Ruby,Rare
551,Milo Thatch - Spirited Scholar,3,115,Ruby,Common
552,Moana - Born Leader,3,116,Ruby,Rare
553,Moana - Undeterred Voyager,3,117,Ruby,Common
554,Nutsy - Vulture Henchman,3,118,Ruby,Common
555,Peter Pan - Never Land Hero,3,119,Ruby,Common
556,Peter Pan - Pirate's Bane,3,120,Ruby,Rare
557,Prince Eric - Expert Helmsman,3,121,Ruby,Super Rare
558,Scroop - Backstabber,3,122,Ruby,Uncommon
559,Simba - Scrappy Cub,3,123,Ruby,Rare
560,Slightly - Lost Boy,3,124,Ruby,Uncommon
561,Stitch - Little Rocket,3,125,Ruby,Common
562,Trigger - Not-So-Sharp Shooter,3,126,Ruby,Uncommon
563,Webby Vanderquack - Enthusiastic Duck,3,127,Ruby,Common
564,Divebomb,3,128,Ruby,Uncommon
565,I've Got a Dream,3,129,Ruby,Uncommon
566,On Your Feet! Now!,3,130,Ruby,Rare
567,Voyage,3,131,Ruby,Common
568,Maui's Fish Hook,3,132,Ruby,Rare
569,Sumerian Talisman,3,133,Ruby,Uncommon
570,Agrabah - Marketplace,3,134,Ruby,Common
571,Jolly Roger - Hook's Ship,3,135,Ruby,Uncommon
572,RLS Legacy - Solar Galleon,3,136,Ruby,Rare
573,Audrey Ramirez - The Engineer,3,137,Sapphire,Rare
574,Captain Amelia - First In Command,3,138,Sapphire,Common
575,Dewey - Showy Nephew,3,139,Sapphire,Uncommon
576,Flintheart Glomgold - Lone Cheater,3,140,Sapphire,Uncommon
577,Genie - Cramped in the Lamp,3,141,Sapphire,Uncommon
578,Gramma Tala - Keeper of Ancient Stories,3,142,Sapphire,Common
579,Gramma Tala - Spirit of the Ocean,3,143,Sapphire,Legendary
580,Gyro Gearloose - Gadget Whiz,3,144,Sapphire,Rare
581,Huey - Savvy Nephew,3,145,Sapphire,Rare
582,King Louie - Bandleader,3,146,Sapphire,Common
583,Kit Cloudkicker - Navigator,3,147,Sapphire,Uncommon
584,Kit Cloudkicker - Spunky Bear Cub,3,148,Sapphire,Common
585,Louie - Chill Nephew,3,149,Sapphire,Common
586,Maid Marian - Delightful Dreamer,3,150,Sapphire,Common
587,Mama Odie - Mystical Maven,3,151,Sapphire,Rare
588,Pluto - Mickey's Clever Friend,3,152,Sapphire,Common
589,Rufus - Orphanage Cat,3,153,Sapphire,Common
590,Scrooge McDuck - Richest Duck in the World,3,154,Sapphire,Super Rare
591,Scrooge Mcduck - Uncle Moneybags,3,155,Sapphire,Uncommon
592,The Queen - Mirror Seeker,3,156,Sapphire,Uncommon
593,Tinker Bell - Very Clever Fairy,3,157,Sapphire,Super Rare
594,Wendy Darling - Authority on Peter Pan,3,158,Sapphire,Super Rare
595,Distract,3,159,Sapphire,Common
596,Friend Like Me,3,160,Sapphire,Rare
597,How Far I'll Go,3,161,Sapphire,Uncommon
598,Repair,3,162,Sapphire,Common
599,Aurelian Gyrosensor,3,163,Sapphire,Rare
600,Heart of Te Fiti,3,164,Sapphire,Rare
601,Lucky Dime,3,165,Sapphire,Legendary
602,Scrooge's Top Hat,3,166,Sapphire,Uncommon
603,Vault Door,3,167,Sapphire,Common
604,Belle's House - Maurice's Workshop,3,168,Sapphire,Rare
605,McDuck Manor - Scrooge's Mansion,3,169,Sapphire,Common
606,Motunui - Island Paradise,3,170,Sapphire,Uncommon
607,Chief Tui - Proud of Motunui,3,171,Steel,Common
608,Eeyore - Overstuffed Donkey,3,172,Steel,Common
609,Gustav The Giant - Terror of the Kingdom,3,173,Steel,Rare
610,Hades - Hotheaded Ruler,3,174,Steel,Rare
611,Helga Sinclair - Right-Hand Woman,3,175,Steel,Common
612,John Silver - Greedy Treasure Seeker,3,176,Steel,Rare
613,Kida - Royal Warrior,3,177,Steel,Common
614,Little John - Resourceful Outlaw,3,178,Steel,Super Rare
615,Little John - Robin's Pal,3,179,Steel,Uncommon
616,Lythos - Rock Titan,3,180,Steel,Uncommon
617,Mickey Mouse - Stalwart Explorer,3,181,Steel,Common
618,Mickey Mouse - Trumpeter,3,182,Steel,Legendary
619,Minnie Mouse - Funky Spelunker,3,183,Steel,Common
620,Mr. Smee - Bumbling Mate,3,184,Steel,Uncommon
621,Mufasa - Champion of the Pride Lands,3,185,Steel,Rare
622,Nala - Fierce Friend,3,186,Steel,Uncommon
623,Pyros - Lava Titan,3,187,Steel,Rare
624,Razoul - Palace Guard,3,188,Steel,Common
625,Robin Hood - Beloved Outlaw,3,189,Steel,Common
626,Robin Hood - Champion of Sherwood,3,190,Steel,Legendary
627,Sheriff of Nottingham - Corrupt Official,3,191,Steel,Super Rare
628,Simba - Fighting Prince,3,192,Steel,Super Rare
629,Simba - Rightful King,3,193,Steel,Uncommon
630,Thaddeus E. Klang - Metallic Leader,3,194,Steel,Uncommon
631,And Then Along Came Zeus,3,195,Steel,Rare
632,Ba-boom!,3,196,Steel,Common
633,Olympus Would Be That Way,3,197,Steel,Common
634,Rise of the Titans,3,198,Steel,Uncommon
635,Captain Hook's Rapier,3,199,Steel,Uncommon
636,Gizmosuit,3,200,Steel,Common
637,Map of Treasure Planet,3,201,Steel,Rare
638,Maui's Place of Exile - Hidden Island,3,202,Steel,Rare
639,Nottingham - Prince John's Castle,3,203,Steel,Common
640,The Bayou - Mysterious Swamp,3,204,Steel,Uncommon
641,Chernabog - Evildoer,3,205,Amber,Enchanted
642,Kida - Protector of Atlantis,3,206,Amber,Enchanted
643,Pride Lands - Pride Rock,3,207,Amber,Enchanted
644,Jafar - Striking Illusionist,3,208,Amethyst,Enchanted
645,Maleficent - Mistress of All Evil,3,209,Amethyst,Enchanted
646,The Sorcerer's Hat,3,210,Amethyst,Enchanted
647,Morph - Space Goo,3,211,Emerald,Enchanted
648,Ursula - Deceiver of All,3,212,Emerald,Enchanted
649,Kuzco's Palace - Home of the Emperor,3,213,Emerald,Enchanted
650,Captain Hook - Master Swordsman,3,214,Ruby,Enchanted
651,Peter Pan - Pirate's Bane,3,215,Ruby,Enchanted
652,RLS Legacy - Solar Galleon,3,216,Ruby,Enchanted
653,Gramma Tala - Spirit of the Ocean,3,217,Sapphire,Enchanted
654,Scrooge McDuck - Richest Duck in the World,3,218,Sapphire,Enchanted
655,Belle's House - Maurice's Workshop,3,219,Sapphire,Enchanted
656,Mickey Mouse - Trumpeter,3,220,Steel,Enchanted
657,Robin Hood - Champion of Sherwood,3,221,Steel,Enchanted
658,And Then Along Came Zeus,3,222,Steel,Enchanted
659,Piglet - Pooh Pirate Captain,3,223,Amber,Super Rare
660,Agustin Madrigal - Clumsy Dad,4,1,Amber,Common
661,Alma Madrigal - Family Matriarch,4,2,Amber,Rare
662,Ariel - Singing Mermaid,4,3,Amber,Rare
663,Cinderella - Melody Weaver,4,4,Amber,Legendary
664,Cogsworth - Majordomo,4,5,Amber,Common
665,Daisy Duck - Lovely Lady,4,6,Amber,Uncommon
666,Daisy Duck - Musketeer Spy,4,7,Amber,Common
667,Donald Duck - Musketeer Soldier,4,8,Amber,Uncommon
668,FÃ©lix Madrigal - Fun-Loving Family Man,4,9,Amber,Uncommon
669,Gaston - Despicable Dealer,4,10,Amber,Super Rare
670,Golden Harp - Enchanter of the Land,4,11,Amber,Rare
671,Goofy - Musketeer Swordsman,4,12,Amber,Rare
672,Julieta Madrigal - Excellent Cook,4,13,Amber,Uncommon
673,Max - Loyal Sheepdog,4,14,Amber,Common
674,Mickey Mouse - Leader of the Band,4,15,Amber,Uncommon
675,Mickey Mouse - Musketeer Captain,4,16,Amber,Legendary
676,Minnie Mouse - Musketeer Champion,4,17,Amber,Super Rare
677,Mirabel Madrigal - Gift of the Family,4,18,Amber,Super Rare
678,Mirabel Madrigal - Prophecy Finder,4,19,Amber,Common
679,Pluto - Rescue Dog,4,20,Amber,Common
680,Prince Eric - Seafaring Prince,4,21,Amber,Common
681,Prince Eric - Ursula's Groom,4,22,Amber,Uncommon
682,Stitch - Alien Dancer,4,23,Amber,Common
683,Ursula - Eric's Bride,4,24,Amber,Rare
684,Ursula - Vanessa,4,25,Amber,Common
685,Bruno's Return,4,26,Amber,Uncommon
686,First Aid,4,27,Amber,Common
687,Look At This Family,4,28,Amber,Rare
688,Lost In The Woods,4,29,Amber,Uncommon
689,Sign The Scroll,4,30,Amber,Uncommon
690,Miracle Candle,4,31,Amber,Rare
691,Record Player,4,32,Amber,Common
692,Atlantica - Concert Hall,4,33,Amber,Common
693,The Underworld - River Styx,4,34,Amber,Rare
694,Antonio Madrigal - Animal Expert,4,35,Amethyst,Uncommon
695,Belle - Accomplished Mystic,4,36,Amethyst,Super Rare
696,Belle - Untrained Mystic,4,37,Amethyst,Common
697,Bruno Madrigal - Out of the Shadows,4,38,Amethyst,Rare
698,Bruno Madrigal - Undetected Uncle,4,39,Amethyst,Super Rare
699,Camilo Madrigal - Prankster,4,40,Amethyst,Uncommon
700,Dolores Madrigal - Easy Listener,4,41,Amethyst,Common
701,Elsa - Storm Chaser,4,42,Amethyst,Rare
702,"Flotsam - Ursula's ""Baby""",4,43,Amethyst,Uncommon
703,Flotsam & Jetsam - Entangling Eels,4,44,Amethyst,Uncommon
704,Isabela Madrigal - Golden Child,4,45,Amethyst,Rare
705,"Jetsam - Ursula's ""Baby""",4,46,Amethyst,Common
706,Luisa Madrigal - Magically Strong One,4,47,Amethyst,Common
707,Magic Broom - Illuminary Keeper,4,48,Amethyst,Common
708,Magic Broom - Lively Sweeper,4,49,Amethyst,Common
709,Magical Maid - Feather Duster,4,50,Amethyst,Uncommon
710,Marshmallow - Terrifying Snowman,4,51,Amethyst,Uncommon
711,Mrs. Potts - Enchanted Teapot,4,52,Amethyst,Rare
712,Pepa Madrigal - Weather Maker,4,53,Amethyst,Rare
713,Peter Pan - Shadow Finder,4,54,Amethyst,Super Rare
714,Pico - Helpful Toucan,4,55,Amethyst,Common
715,Tick-Tock - Ever-Present Pursuer,4,56,Amethyst,Common
716,Ursula - Mad Sea Witch,4,57,Amethyst,Uncommon
717,Ursula - Sea Witch Queen,4,58,Amethyst,Legendary
718,Yen Sid - Powerful Sorcerer,4,59,Amethyst,Legendary
719,Poor Unfortunate Souls,4,60,Amethyst,Common
720,Second Star To The Right,4,61,Amethyst,Rare
721,Swing Into Action,4,62,Amethyst,Common
722,Ursula's Plan,4,63,Amethyst,Uncommon
723,Mystical Rose,4,64,Amethyst,Rare
724,Rose Lantern,4,65,Amethyst,Common
725,Triton's Trident,4,66,Amethyst,Uncommon
726,Casa Madrigal - Casita,4,67,Amethyst,Common
727,Ursula's Lair - Eye of the Storm,4,68,Amethyst,Rare
728,Cri-Kee - Lucky Cricket,4,69,Emerald,Rare
729,Diablo - Devoted Herald,4,70,Emerald,Legendary
730,Diablo - Maleficent's Spy,4,71,Emerald,Common
731,Gunther - Interior Designer,4,72,Emerald,Common
732,Gus - Champion of Cheese,4,73,Emerald,Common
733,Hades - Double Dealer,4,74,Emerald,Legendary
734,HeiHei - Bumbling Rooster,4,75,Emerald,Uncommon
735,Hera - Queen of the Gods,4,76,Emerald,Rare
736,Jaq - Connoisseur of Climbing,4,77,Emerald,Common
737,Jasmine - Desert Warrior,4,78,Emerald,Rare
738,Megara - Captivating Cynic,4,79,Emerald,Common
739,Megara - Liberated One,4,80,Emerald,Uncommon
740,Pain - Immortal Sidekick,4,81,Emerald,Uncommon
741,Panic - Immortal Sidekick,4,82,Emerald,Uncommon
742,Pegasus - Cloud Racer,4,83,Emerald,Uncommon
743,Pegasus - Gift for Hercules,4,84,Emerald,Common
744,Pete - Born to Cheat,4,85,Emerald,Super Rare
745,Pete - Rotten Guy,4,86,Emerald,Uncommon
746,Prince Phillip - Vanquisher of Foes,4,87,Emerald,Super Rare
747,Prince Phillip - Warden of the Woods,4,88,Emerald,Rare
748,The Fates - Only One Eye,4,89,Emerald,Common
749,The Muses - Proclaimers of Heroes,4,90,Emerald,Rare
750,Tor - Florist,4,91,Emerald,Common
751,Zeus - Mr. Lightning Bolts,4,92,Emerald,Super Rare
752,Dodge!,4,93,Emerald,Common
753,Make The Potion,4,94,Emerald,Common
754,Under The Sea,4,95,Emerald,Rare
755,Ursula's Trickery,4,96,Emerald,Uncommon
756,We Don't Talk About Bruno,4,97,Emerald,Rare
757,Hidden Inkcaster,4,98,Emerald,Common
758,Signed Contract,4,99,Emerald,Uncommon
759,Vision Slab,4,100,Emerald,Uncommon
760,Hidden Cove - Tranquil Haven,4,101,Emerald,Common
761,Ursula's Garden - Full of the Unfortunate,4,102,Emerald,Rare
762,Beast - Wounded,4,103,Ruby,Uncommon
763,Benja - Bold Uniter,4,104,Ruby,Common
764,Fa Zhou - Mulan's Father,4,105,Ruby,Common
765,Flynn Rider - Frenemy,4,106,Ruby,Super Rare
766,Goofy - Super Goof,4,107,Ruby,Rare
767,Hercules - Clumsy Kid,4,108,Ruby,Common
768,Hercules - Daring Demigod,4,109,Ruby,Uncommon
769,Khan - Beloved Steed,4,110,Ruby,Uncommon
770,Li Shang - General's Son,4,111,Ruby,Common
771,Li Shang - Valorous General,4,112,Ruby,Uncommon
772,Lumiere - Fiery Friend,4,113,Ruby,Rare
773,Mulan - Elite Archer,4,114,Ruby,Legendary
774,Mulan - Enemy of Entanglement,4,115,Ruby,Uncommon
775,Mulan - Injured Soldier,4,116,Ruby,Common
776,Namaari - Heir of Fang,4,117,Ruby,Rare
777,Nessus - River Guardian,4,118,Ruby,Uncommon
778,Noi - Acrobatic Baby,4,119,Ruby,Super Rare
779,Pegasus - Flying Steed,4,120,Ruby,Common
780,Raya - Fierce Protector,4,121,Ruby,Super Rare
781,Raya - Guardian of the Dragon Gem,4,122,Ruby,Common
782,Sisu - Daring Visitor,4,123,Ruby,Uncommon
783,Sisu - Emboldened Warrior,4,124,Ruby,Rare
784,Sisu - Empowered Sibling,4,125,Ruby,Legendary
785,Tong - Survivor,4,126,Ruby,Common
786,Tuk Tuk - Lively Partner,4,127,Ruby,Rare
787,A Pirate's Life,4,128,Ruby,Uncommon
788,Be King Undisputed,4,129,Ruby,Rare
789,Brawl,4,130,Ruby,Common
790,Imperial Proclamation,4,131,Ruby,Rare
791,Medallion Weights,4,132,Ruby,Uncommon
792,The Plank,4,133,Ruby,Common
793,Vitalisphere,4,134,Ruby,Common
794,Snuggly Duckling - Disreputable Pub,4,135,Ruby,Rare
795,Training Grounds - Impossible Pillar,4,136,Ruby,Common
796,Anna - Braving the Storm,4,137,Sapphire,Common
797,Anna - True-Hearted,4,138,Sapphire,Super Rare
798,Ariel - Treasure Collector,4,139,Sapphire,Super Rare
799,Aurora - Lore Guardian,4,140,Sapphire,Super Rare
800,Aurora - Tranquil Princess,4,141,Sapphire,Common
801,Dang Hu - Talon Chief,4,142,Sapphire,Rare
802,Fa Li - Mulan's Mother,4,143,Sapphire,Common
803,Flounder - Collector's Companion,4,144,Sapphire,Uncommon
804,Hades - Meticulous Plotter,4,145,Sapphire,Uncommon
805,Hans - Noble Scoundrel,4,146,Sapphire,Common
806,Iduna - Caring Mother,4,147,Sapphire,Uncommon
807,John Silver - Terror of the Realm,4,148,Sapphire,Rare
808,Olaf - Carrot Enthusiast,4,149,Sapphire,Uncommon
809,Olaf - Trusting Companion,4,150,Sapphire,Common
810,Pascal - Inquisitive Pet,4,151,Sapphire,Common
811,Prince Phillip - Gallant Defender,4,152,Sapphire,Rare
812,Rapunzel - Appreciative Artist,4,153,Sapphire,Rare
813,Scuttle - Expert on Humans,4,154,Sapphire,Uncommon
814,Sisu - Wise Friend,4,155,Sapphire,Uncommon
815,The Queen - Diviner,4,156,Sapphire,Legendary
816,Transformed Chef - Castle Stove,4,157,Sapphire,Common
817,Triton - Champion of Atlantica,4,158,Sapphire,Legendary
818,Triton - Discerning King,4,159,Sapphire,Rare
819,Triton - Young Prince,4,160,Sapphire,Uncommon
820,Tuk Tuk - Curious Partner,4,161,Sapphire,Common
821,Dig A Little Deeper,4,162,Sapphire,Uncommon
822,Glean,4,163,Sapphire,Common
823,Seldom All They Seem,4,164,Sapphire,Common
824,Treasures Untold,4,165,Sapphire,Rare
825,Field Of Ice,4,166,Sapphire,Rare
826,Great Stone Dragon,4,167,Sapphire,Uncommon
827,Ice Block,4,168,Sapphire,Common
828,Ariel's Grotto - A Secret Place,4,169,Sapphire,Rare
829,Winter Camp - Medical Tent,4,170,Sapphire,Common
830,Aladdin - Brave Rescuer,4,171,Steel,Uncommon
831,Aladdin - Resolute Swordsman,4,172,Steel,Common
832,Arges - The Cyclops,4,173,Steel,Common
833,Ariel - Determined Mermaid,4,174,Steel,Common
834,Ariel - Sonic Warrior,4,175,Steel,Super Rare
835,Beast - Thick-Skinned,4,176,Steel,Common
836,Chi-Fu - Imperial Advisor,4,177,Steel,Uncommon
837,Chien-Po - Imperial Soldier,4,178,Steel,Common
838,Donald Duck - Buccaneer,4,179,Steel,Legendary
839,Hercules - Beloved Hero,4,180,Steel,Rare
840,LeFou - Opportunistic Flunky,4,181,Steel,Rare
841,Li Shang - Imperial Captain,4,182,Steel,Uncommon
842,Ling - Imperial Soldier,4,183,Steel,Uncommon
843,Luisa Madrigal - Rock of the Family,4,184,Steel,Common
844,Magic Broom - Aerial Cleaner,4,185,Steel,Common
845,Magic Broom - Brigade Commander,4,186,Steel,Super Rare
846,Mickey Mouse - Playful Sorcerer,4,187,Steel,Rare
847,Mickey Mouse - Standard Bearer,4,188,Steel,Common
848,Mulan - Armored Fighter,4,189,Steel,Uncommon
849,Philoctetes - No-Nonsense Instructor,4,190,Steel,Rare
850,Piglet - Sturdy Swordsman,4,191,Steel,Legendary
851,Rajah - Royal Protector,4,192,Steel,Rare
852,Raya - Unstoppable Force,4,193,Steel,Super Rare
853,Yao - Imperial Soldier,4,194,Steel,Common
854,Avalanche,4,195,Steel,Uncommon
855,"I Find 'Em, I Flatten 'Em",4,196,Steel,Uncommon
856,One Last Hope,4,197,Steel,Rare
857,The Mob Song,4,198,Steel,Uncommon
858,Triton's Decree,4,199,Steel,Common
859,Fortisphere,4,200,Steel,Common
860,Imperial Bow,4,201,Steel,Uncommon
861,RLS Legacy's Cannon,4,202,Steel,Rare
862,The Wall - Border Fortress,4,203,Steel,Rare
863,Thebes - The Big Olive,4,204,Steel,Common
864,Cinderella - Melody Weaver,4,205,Amber,Enchanted
865,Minnie Mouse - Musketeer Champion,4,206,Amber,Enchanted
866,Look At This Family,4,207,Amber,Enchanted
867,Ursula - Sea Witch Queen,4,208,Amethyst,Enchanted
868,Yen Sid - Powerful Sorcerer,4,209,Amethyst,Enchanted
869,Second Star To The Right,4,210,Amethyst,Enchanted
870,Diablo - Devoted Herald,4,211,Emerald,Enchanted
871,Jasmine - Desert Warrior,4,212,Emerald,Enchanted
872,We Don't Talk About Bruno,4,213,Emerald,Enchanted
873,Goofy - Super Goof,4,214,Ruby,Enchanted
874,Sisu - Empowered Sibling,4,215,Ruby,Enchanted
875,Snuggly Duckling - Disreputable Pub,4,216,Ruby,Enchanted
876,Anna - True-Hearted,4,217,Sapphire,Enchanted
877,The Queen - Diviner,4,218,Sapphire,Enchanted
878,Ariel's Grotto - A Secret Place,4,219,Sapphire,Enchanted
879,Ariel - Sonic Warrior,4,220,Steel,Enchanted
880,Piglet - Sturdy Swordsman,4,221,Steel,Enchanted
881,The Wall - Border Fortress,4,222,Steel,Enchanted
882,Yen Sid - Powerful Sorcerer,4,223,Amethyst,Legendary
883,Mulan - Elite Archer,4,224,Ruby,Legendary
884,Mickey Mouse - Playful Sorcerer,4,225,Steel,Rare
885,Koda - Talkative Cub,5,1,Amber,Rare
886,Nala - Mischievous Cub,5,2,Amber,Uncommon
887,Prince Naveen - Ukulele Player,5,3,Amber,Legendary
888,Rutt - Northern Moose,5,4,Amber,Common
889,Kenai - Big Brother,5,5,Amber,Common
890,Vanellope von Schweetz - Sugar Rush Champ,5,6,Amber,Common
891,Tuke - Northern Moose,5,7,Amber,Common
892,Lilo - Junior Cake Decorator,5,8,Amber,Common
893,Vanellope von Schweetz - Candy Mechanic,5,9,Amber,Common
894,"Fix-It Felix, Jr. - Trusty Builder",5,10,Amber,Common
895,Gazelle - Pop Star,5,11,Amber,Common
896,"Fix-It Felix, Jr. - Niceland Steward",5,12,Amber,Uncommon
897,Kristoff - Reindeer Keeper,5,13,Amber,Rare
898,Mirabel Madrigal - Family Gatherer,5,14,Amber,Legendary
899,Minnie Mouse - Drum Major,5,15,Amber,Super Rare
900,Daisy Duck - Donald's Date,5,16,Amber,Super Rare
901,"Fix-It Felix, Jr. - Delighted Sightseer",5,17,Amber,Common
902,Moana - Determined Explorer,5,18,Amber,Rare
903,Vanellope von Schweetz - Sugar Rush Princess,5,19,Amber,Rare
904,Alan-a-Dale - Rockin' Rooster,5,20,Amber,Uncommon
905,Wreck-It Ralph - Admiral Underpants,5,21,Amber,Rare
906,Maid Marian - Lady of the Lists,5,22,Amber,Uncommon
907,Sven - Reindeer Steed,5,23,Amber,Uncommon
908,Minnie Mouse - Compassionate Friend,5,24,Amber,Common
909,Try Everything,5,25,Amber,Uncommon
910,Healing Touch,5,26,Amber,Common
911,Revive,5,27,Amber,Rare
912,Blast From Your Past,5,28,Amber,Super Rare
913,Invited to the Ball,5,29,Amber,Uncommon
914,Healing Decanter,5,30,Amber,Common
915,Queen's Sensor Core,5,31,Amber,Rare
916,Amber Chromicon,5,32,Amber,Uncommon
917,Rapunzel's Tower - Secluded Prison,5,33,Amber,Uncommon
918,Pride Lands - Jungle Oasis,5,34,Amber,Rare
919,Maleficent - Formidable Queen,5,35,Amethyst,Super Rare
920,The Nokk - Mythical Spirit,5,36,Amethyst,Common
921,Cogsworth - Illuminary Watchman,5,37,Amethyst,Common
922,Merlin - Turtle,5,38,Amethyst,Common
923,Archimedes - Exasperated Owl,5,39,Amethyst,Common
924,Bruni - Fire Salamander,5,40,Amethyst,Uncommon
925,Earth Giant - Living Mountain,5,41,Amethyst,Common
926,Gale - Wind Spirit,5,42,Amethyst,Common
927,White Rabbit - Royal Herald,5,43,Amethyst,Common
928,Madam Mim - Elephant,5,44,Amethyst,Super Rare
929,Luisa Madrigal - Entertaining Muscle,5,45,Amethyst,Rare
930,Anna - Mystical Majesty,5,46,Amethyst,Rare
931,Archimedes - Electrified Owl,5,47,Amethyst,Uncommon
932,Elsa - The Fifth Spirit,5,48,Amethyst,Super Rare
933,Genie - Main Attraction,5,49,Amethyst,Legendary
934,Olaf - Happy Passenger,5,50,Amethyst,Rare
935,Maleficent - Vexed Partygoer,5,51,Amethyst,Uncommon
936,Monstro - Whale of a Whale,5,52,Amethyst,Uncommon
937,Magica De Spell - Cruel Sorceress,5,53,Amethyst,Rare
938,Maleficent - Vengeful Sorceress,5,54,Amethyst,Common
939,Rafiki - Shaman Duelist,5,55,Amethyst,Rare
940,Anna - Eager Acolyte,5,56,Amethyst,Common
941,King of Hearts - Monarch of Wonderland,5,57,Amethyst,Uncommon
942,Camilo Madrigal - Family Copycat,5,58,Amethyst,Legendary
943,Hypnotic Strength,5,59,Amethyst,Common
944,Finders Keepers,5,60,Amethyst,Uncommon
945,We Know The Way,5,61,Amethyst,Rare
946,Gathering Knowledge And Wisdom,5,62,Amethyst,Common
947,Magical Aid,5,63,Amethyst,Uncommon
948,Retrosphere,5,64,Amethyst,Common
949,Half Hexwell Crown,5,65,Amethyst,Rare
950,Amethyst Chromicon,5,66,Amethyst,Uncommon
951,Elsa's Ice Palace - Place of Solitude,5,67,Amethyst,Rare
952,The Library - A Gift for Belle,5,68,Amethyst,Uncommon
953,Robin Hood - Timely Contestant,5,69,Emerald,Rare
954,Shenzi - Scar's Accomplice,5,70,Emerald,Uncommon
955,Little John - Camp Cook,5,71,Emerald,Uncommon
956,Zazu - Advisor to Mufasa,5,72,Emerald,Common
957,Ulf - Mime,5,73,Emerald,Common
958,Ed - Laughing Hyena,5,74,Emerald,Common
959,Flora - Good Fairy,5,75,Emerald,Common
960,Merryweather - Good Fairy,5,76,Emerald,Common
961,Robin Hood - Archery Contestant,5,77,Emerald,Common
962,Fauna - Good Fairy,5,78,Emerald,Common
963,Iago - Fake Flamingo,5,79,Emerald,Rare
964,Banzai - Gluttonous Predator,5,80,Emerald,Rare
965,Ed - Hysterical Partygoer,5,81,Emerald,Uncommon
966,Scroop - Odious Mutineer,5,82,Emerald,Super Rare
967,Prince Phillip - Swordsman of the Realm,5,83,Emerald,Super Rare
968,Clarabelle - Light on Her Hooves,5,84,Emerald,Legendary
969,Anna - Diplomatic Queen,5,85,Emerald,Legendary
970,Clarabelle - Clumsy Guest,5,86,Emerald,Common
971,Banzai - Taunting Hyena,5,87,Emerald,Common
972,Robin Hood - Sneaky Sleuth,5,88,Emerald,Uncommon
973,Mother Gothel - Conceited Manipulator,5,89,Emerald,Uncommon
974,Clarabelle - Contented Wallflower,5,90,Emerald,Uncommon
975,Shenzi - Head Hyena,5,91,Emerald,Rare
976,Mother Gothel - Unwavering Schemer,5,92,Emerald,Super Rare
977,Scar - Vengeful Lion,5,93,Emerald,Rare
978,Hypnotic Deduction,5,94,Emerald,Common
979,Night Howler Rage,5,95,Emerald,Common
980,You're Welcome,5,96,Emerald,Uncommon
981,Remember Who You Are,5,97,Emerald,Rare
982,Prince John's Mirror,5,98,Emerald,Rare
983,Obscurosphere,5,99,Emerald,Common
984,Emerald Chromicon,5,100,Emerald,Uncommon
985,Sherwood Forest - Outlaw Hideaway,5,101,Emerald,Rare
986,Tropical Rainforest - Jaguar Lair,5,102,Emerald,Uncommon
987,Taffyta Muttonfudge - Ruthless Rival,5,103,Ruby,Uncommon
988,Wreck-It Ralph - Demolition Dude,5,104,Ruby,Rare
989,Maximus - Team Champion,5,105,Ruby,Super Rare
990,Turbo - Royal Hack,5,106,Ruby,Uncommon
991,Donald Duck - Pie Slinger,5,107,Ruby,Legendary
992,Rancis Fluggerbutter - Chocolate Charger,5,108,Ruby,Common
993,Scar - Betrayer,5,109,Ruby,Uncommon
994,Snowanna Rainbeau - Cool Competitor,5,110,Ruby,Common
995,Daisy Duck - Spotless Food-Fighter,5,111,Ruby,Common
996,Mickey Mouse - Enthusiastic Dancer,5,112,Ruby,Common
997,Ratigan - Raging Rat,5,113,Ruby,Common
998,Taffyta Muttonfudge - Crowd Favorite,5,114,Ruby,Common
999,Denahi - Avenging Brother,5,115,Ruby,Rare
1000,Pete - Steamboat Rival,5,116,Ruby,Super Rare
1001,Taffyta Muttonfudge - Sour Speedster,5,117,Ruby,Uncommon
1002,Robin Hood - Sharpshooter,5,118,Ruby,Legendary
1003,Gaston - Pure Paragon,5,119,Ruby,Rare
1004,Pete - Pastry Chomper,5,120,Ruby,Common
1005,Arthur - Novice Sparrow,5,121,Ruby,Uncommon
1006,Donald Duck - Daisy's Date,5,122,Ruby,Common
1007,Ratigan - Party Crasher,5,123,Ruby,Rare
1008,Vanellope Von Schweetz - Random Roster Racer,5,124,Ruby,Rare
1009,Simba - Adventurous Successor,5,125,Ruby,Common
1010,Minnie Mouse - Dazzling Dancer,5,126,Ruby,Uncommon
1011,Break Free,5,127,Ruby,Common
1012,Evil Comes Prepared,5,128,Ruby,Common
1013,Don't Let The Frostbite Bite,5,129,Ruby,Rare
1014,Glimmer vs Glimmer,5,130,Ruby,Uncommon
1015,Who's With Me?,5,131,Ruby,Super Rare
1016,Potion of Might,5,132,Ruby,Common
1017,The Sword Released,5,133,Ruby,Rare
1018,Ruby Chromicon,5,134,Ruby,Uncommon
1019,Sugar Rush Speedway - Starting Line,5,135,Ruby,Rare
1020,Ratigan's Party - Seedy Back Room,5,136,Ruby,Uncommon
1021,King Candy - Sovereign of Sugar,5,137,Sapphire,Common
1022,Chaca - Impressive Daughter,5,138,Sapphire,Common
1023,The Queen - Cruelest of All,5,139,Sapphire,Common
1024,Scrooge McDuck - Afficionado of Antiquities,5,140,Sapphire,Rare
1025,Prince John - Opportunistic Briber,5,141,Sapphire,Common
1026,Merlin - Back from Bermuda,5,142,Sapphire,Common
1027,Pacha - Emperor's Guide,5,143,Sapphire,Uncommon
1028,The Queen - Fairest of All,5,144,Sapphire,Super Rare
1029,Sheriff Of Nottingham - Bushel Britches,5,145,Sapphire,Rare
1030,Chicha - Dedicated Mother,5,146,Sapphire,Rare
1031,Prince John - Gold Lover,5,147,Sapphire,Super Rare
1032,The Queen - Crown of the Council,5,148,Sapphire,Rare
1033,Kuzco - Selfish Emperor,5,149,Sapphire,Super Rare
1034,Mufasa - Ruler of Pride Rock,5,150,Sapphire,Legendary
1035,Ludwig Von Drake - Self-Proclaimed Genius,5,151,Sapphire,Uncommon
1036,Minnie Mouse - Quick-Thinking Inventor,5,152,Sapphire,Common
1037,Basil - Practiced Detective,5,153,Sapphire,Common
1038,King Candy - Sweet Abomination,5,154,Sapphire,Uncommon
1039,Donald Duck - Focused Flatfoot,5,155,Sapphire,Common
1040,Tanana - Wise Woman,5,156,Sapphire,Common
1041,Tipo - Growing Son,5,157,Sapphire,Uncommon
1042,Belle - Of the Ball,5,158,Sapphire,Rare
1043,Merlin - Intellectual Visionary,5,159,Sapphire,Legendary
1044,Vision of the Future,5,160,Sapphire,Common
1045,Royal Tantrum,5,161,Sapphire,Rare
1046,Ever as Before,5,162,Sapphire,Common
1047,Hide Away,5,163,Sapphire,Uncommon
1048,All Funned Out,5,164,Sapphire,Uncommon
1049,Medal of Heroes,5,165,Sapphire,Common
1050,Basil's Magnifying Glass,5,166,Sapphire,Rare
1051,Merlin's Carpetbag,5,167,Sapphire,Uncommon
1052,Sapphire Chromicon,5,168,Sapphire,Uncommon
1053,The Great Illuminary - Radiant Ballroom,5,169,Sapphire,Rare
1054,Merlin's Cottage - The Wizard's Home,5,170,Sapphire,Uncommon
1055,Stitch - Team Underdog,5,171,Steel,Uncommon
1056,Jafar - Tyrannical Hypnotist,5,172,Steel,Legendary
1057,Simba - Lost Prince,5,173,Steel,Common
1058,Rudy - Groove Disrupter,5,174,Steel,Common
1059,Royal Guard - Bovine Protector,5,175,Steel,Common
1060,Mickey Mouse - Food Fight Defender,5,176,Steel,Common
1061,Sleepy - Sluggish Knight,5,177,Steel,Uncommon
1062,Kronk - Unlicensed Investigator,5,178,Steel,Common
1063,HeiHei - Protective Rooster,5,179,Steel,Common
1064,Sneezy - Noisy Knight,5,180,Steel,Common
1065,Dopey - Knight Apprentice,5,181,Steel,Common
1066,Namaari - Resolute Daughter,5,182,Steel,Rare
1067,Snow White - Fair-Hearted,5,183,Steel,Super Rare
1068,Yzma - Unjustly Treated,5,184,Steel,Rare
1069,Kronk - Head of Security,5,185,Steel,Super Rare
1070,Grumpy - Skeptical Knight,5,186,Steel,Super Rare
1071,Pete - Wrestling Champ,5,187,Steel,Rare
1072,Sir Ector - Castle Lord,5,188,Steel,Rare
1073,Bashful - Adoring Knight,5,189,Steel,Uncommon
1074,Arthur - Wart,5,190,Steel,Uncommon
1075,Happy - Lively Knight,5,191,Steel,Common
1076,Simba - Son of Mufasa,5,192,Steel,Uncommon
1077,Doc - Bold Knight,5,193,Steel,Rare
1078,Arthur - King Victorious,5,194,Steel,Legendary
1079,Pete - Games Referee,5,195,Steel,Uncommon
1080,Tug-of-War,5,196,Steel,Rare
1081,When Will My Life Begin?,5,197,Steel,Common
1082,Duck for Cover!,5,198,Steel,Common
1083,Food Fight!,5,199,Steel,Uncommon
1084,Shield of Arendelle,5,200,Steel,Common
1085,Plate Armor,5,201,Steel,Rare
1086,Steel Chromicon,5,202,Steel,Uncommon
1087,Bad-Anon - Villain Support Center,5,203,Steel,Rare
1088,Seven Dwarfs' Mine - Secure Fortress,5,204,Steel,Uncommon
1089,Prince Naveen - Ukulele Player,5,205,Amber,Enchanted
1090,Vanellope von Schweetz - Sugar Rush Princess,5,206,Amber,Enchanted
1091,Revive,5,207,Amber,Enchanted
1092,Archimedes - Electrified Owl,5,208,Amethyst,Enchanted
1093,Olaf - Happy Passenger,5,209,Amethyst,Enchanted
1094,Finders Keepers,5,210,Amethyst,Enchanted
1095,Clarabelle - Light on Her Hooves,5,211,Emerald,Enchanted
1096,Scar - Vengeful Lion,5,212,Emerald,Enchanted
1097,You're Welcome,5,213,Emerald,Enchanted
1098,Donald Duck - Pie Slinger,5,214,Ruby,Enchanted
1099,Robin Hood - Sharpshooter,5,215,Ruby,Enchanted
1100,Ratigan's Party - Seedy Back Room,5,216,Ruby,Enchanted
1101,Mufasa - Ruler of Pride Rock,5,217,Sapphire,Enchanted
1102,King Candy - Sweet Abomination,5,218,Sapphire,Enchanted
1103,Royal Tantrum,5,219,Sapphire,Enchanted
1104,Snow White - Fair-Hearted,5,220,Steel,Enchanted
1105,Arthur - King Victorious,5,221,Steel,Enchanted
1106,Bad-Anon - Villain Support Center,5,222,Steel,Enchanted
1107,Half Hexwell Crown,5,223,Amethyst,Rare
